4dmrahCJonM	https://www.youtube.com/watch?v=4dmrahCJonM
4ObzEft2R_g	https://www.youtube.com/watch?v=4ObzEft2R_g
-AKD2Lv7XqI	https://www.youtube.com/watch?v=-AKD2Lv7XqI
AmlmkTPqZrk	https://www.youtube.com/watch?v=AmlmkTPqZrk
AOf-i2vLd2o	https://www.youtube.com/watch?v=AOf-i2vLd2o
AoJDIy52y7g	https://www.youtube.com/watch?v=AoJDIy52y7g
aXTtu4n37WI	https://www.youtube.com/watch?v=aXTtu4n37WI
dQeNONerxEU	https://www.youtube.com/watch?v=dQeNONerxEU
ewYBc1jBDGM	https://www.youtube.com/watch?v=ewYBc1jBDGM
L0QraSYq8tw	https://www.youtube.com/watch?v=L0QraSYq8tw
sL0LtyfNYkM	https://www.youtube.com/watch?v=sL0LtyfNYkM
URj7TorDHmQ	https://www.youtube.com/watch?v=URj7TorDHmQ
WoxDbIbpP_Q	https://www.youtube.com/watch?v=WoxDbIbpP_Q
yctzuuGAm-E	https://www.youtube.com/watch?v=yctzuuGAm-E
