index,url,video title,category,relevant
3hYJRD-PWXc,https://www.youtube.com/watch?v=3hYJRD-PWXc,Unknown Title,Unknown Category,no
5YDSMEmELZo,https://www.youtube.com/watch?v=5YDSMEmELZo,Unknown Title,Unknown Category,no
mgk3j14Vi0w,https://www.youtube.com/watch?v=mgk3j14Vi0w,Unknown Title,Unknown Category,no
kYqahodYpvM,https://www.youtube.com/watch?v=kYqahodYpvM,Unknown Title,Unknown Category,no
Kxw6kgNXgho,https://www.youtube.com/watch?v=Kxw6kgNXgho,Unknown Title,Unknown Category,no
NpLyAvlowtA,https://www.youtube.com/watch?v=NpLyAvlowtA,Unknown Title,Unknown Category,no
hUmxWiac1NE,https://www.youtube.com/watch?v=hUmxWiac1NE,Unknown Title,Unknown Category,no
e2pJO_dSbnA,https://www.youtube.com/watch?v=e2pJO_dSbnA,Unknown Title,Unknown Category,no
FM2T_2cB590,https://www.youtube.com/watch?v=FM2T_2cB590,Unknown Title,Unknown Category,no
6TGJXv8rj3k,https://www.youtube.com/watch?v=6TGJXv8rj3k,Unknown Title,Unknown Category,no
c10odzuN2HQ,https://www.youtube.com/watch?v=c10odzuN2HQ,Unknown Title,Unknown Category,no
KyMzwu2cs3g,https://www.youtube.com/watch?v=KyMzwu2cs3g,Unknown Title,Unknown Category,no
nn19K7VB0VM,https://www.youtube.com/watch?v=nn19K7VB0VM,Unknown Title,Unknown Category,no
6-hf0L5CaWE,https://www.youtube.com/watch?v=6-hf0L5CaWE,Unknown Title,Unknown Category,no
PeF1Vzbo4vg,https://www.youtube.com/watch?v=PeF1Vzbo4vg,Unknown Title,Unknown Category,no
